filename,response
000.mp4,NoGesture
001.mp4,Gesture
002.mp4,Gesture
003.mp4,Gesture
004.mp4,Gesture
005.mp4,Gesture
006.mp4,Gesture
007.mp4,Gesture
008.mp4,Gesture
009.mp4,Gesture
010.mp4,Gesture
011.mp4,Gesture
012.mp4,Gesture
013.mp4,Gesture
014.mp4,Gesture
015.mp4,Gesture
016.mp4,Gesture
017.mp4,Gesture
018.mp4,Gesture
019.mp4,Gesture
020.mp4,Gesture
021.mp4,Gesture
022.mp4,Gesture
023.mp4,Gesture
024.mp4,Gesture
025.mp4,Gesture
026.mp4,Gesture
027.mp4,Gesture
028.mp4,Gesture
029.mp4,Gesture
030.mp4,Gesture
031.mp4,Gesture
032.mp4,Gesture
033.mp4,Gesture
034.mp4,Gesture
035.mp4,Gesture
036.mp4,Gesture
037.mp4,Gesture
038.mp4,Gesture
039.mp4,Gesture
040.mp4,Gesture
041.mp4,Gesture
042.mp4,Gesture
043.mp4,Gesture
044.mp4,Gesture
045.mp4,Gesture
046.mp4,Gesture
047.mp4,Gesture
048.mp4,Gesture
049.mp4,Gesture
050.mp4,Gesture
051.mp4,Gesture
052.mp4,Gesture
053.mp4,Gesture
054.mp4,Gesture
055.mp4,Gesture
056.mp4,Gesture
057.mp4,Gesture
058.mp4,Gesture
059.mp4,Gesture
060.mp4,Gesture
061.mp4,Gesture
062.mp4,Gesture
063.mp4,Gesture
064.mp4,Gesture
065.mp4,Gesture
066.mp4,Gesture
067.mp4,Gesture
068.mp4,Gesture
069.mp4,Gesture
070.mp4,Gesture
071.mp4,Gesture
072.mp4,Gesture
073.mp4,Gesture
074.mp4,Gesture
075.mp4,Gesture
076.mp4,Gesture
077.mp4,Gesture
078.mp4,Gesture
079.mp4,Gesture
080.mp4,Gesture
081.mp4,Gesture
082.mp4,Gesture
083.mp4,Gesture
084.mp4,Gesture
085.mp4,NoGesture
086.mp4,Gesture
087.mp4,Gesture
088.mp4,Gesture
089.mp4,Gesture
090.mp4,Gesture
091.mp4,Gesture
092.mp4,Gesture
093.mp4,Gesture
094.mp4,Gesture
095.mp4,Gesture
096.mp4,Gesture
097.mp4,Gesture
098.mp4,Gesture
099.mp4,Gesture
100.mp4,Gesture
101.mp4,Gesture
102.mp4,Gesture
103.mp4,Gesture
104.mp4,Gesture
105.mp4,Gesture
106.mp4,Gesture
107.mp4,Gesture
108.mp4,Gesture
109.mp4,Gesture
110.mp4,Gesture
111.mp4,Gesture
112.mp4,Gesture
113.mp4,Gesture
114.mp4,Gesture
115.mp4,Gesture
116.mp4,Gesture
117.mp4,Gesture
118.mp4,Gesture
119.mp4,Gesture
120.mp4,Gesture
121.mp4,Gesture
122.mp4,Gesture
123.mp4,Gesture
124.mp4,Gesture
125.mp4,Gesture
126.mp4,NoGesture
127.mp4,Gesture
128.mp4,Gesture
129.mp4,Gesture
130.mp4,Gesture
131.mp4,Gesture
132.mp4,Gesture
133.mp4,Gesture
134.mp4,Gesture
135.mp4,Gesture
136.mp4,Gesture
137.mp4,Gesture
138.mp4,Gesture
139.mp4,Gesture
140.mp4,Gesture
141.mp4,Gesture
142.mp4,Gesture
143.mp4,Gesture
144.mp4,Gesture
145.mp4,Gesture
146.mp4,Gesture
147.mp4,Gesture
148.mp4,Gesture
149.mp4,NoGesture
150.mp4,Gesture
151.mp4,Gesture
152.mp4,Gesture
153.mp4,Gesture
154.mp4,Gesture
155.mp4,Gesture
156.mp4,Gesture
157.mp4,NoGesture
158.mp4,Gesture
159.mp4,Gesture
160.mp4,Gesture
161.mp4,Gesture
162.mp4,Gesture
163.mp4,Gesture
164.mp4,Gesture
165.mp4,Gesture
166.mp4,Gesture
167.mp4,Gesture
168.mp4,Gesture
169.mp4,Gesture
170.mp4,Gesture
171.mp4,Gesture
172.mp4,Gesture
173.mp4,Gesture
174.mp4,Gesture
175.mp4,Gesture
176.mp4,Gesture
177.mp4,Gesture
178.mp4,Gesture
179.mp4,Gesture
180.mp4,Gesture
181.mp4,Gesture
182.mp4,Gesture
183.mp4,Gesture
184.mp4,Gesture
185.mp4,Gesture
186.mp4,Gesture
187.mp4,Gesture
188.mp4,Gesture
189.mp4,Gesture
190.mp4,Gesture
191.mp4,Gesture
192.mp4,Gesture
193.mp4,Gesture
194.mp4,Gesture
195.mp4,Gesture
196.mp4,Gesture
197.mp4,Gesture
198.mp4,Gesture
199.mp4,Gesture
200.mp4,Gesture
201.mp4,Gesture
202.mp4,Gesture
203.mp4,Gesture
204.mp4,Gesture
205.mp4,Gesture
206.mp4,Gesture
207.mp4,Gesture
208.mp4,Gesture
209.mp4,Gesture
210.mp4,Gesture
211.mp4,Gesture
212.mp4,Gesture
213.mp4,Gesture
214.mp4,Gesture
215.mp4,Gesture
216.mp4,Gesture
217.mp4,Gesture
218.mp4,Gesture
219.mp4,Gesture
220.mp4,Gesture
221.mp4,Gesture
222.mp4,Gesture
223.mp4,Gesture
224.mp4,Gesture
225.mp4,Gesture
226.mp4,Gesture
227.mp4,Gesture
228.mp4,Gesture
229.mp4,Gesture
230.mp4,Gesture
231.mp4,Gesture
232.mp4,Gesture
233.mp4,Gesture
234.mp4,Gesture
235.mp4,Gesture
236.mp4,Gesture
237.mp4,Gesture
238.mp4,Gesture
239.mp4,Gesture
240.mp4,Gesture
241.mp4,Gesture
242.mp4,Gesture
243.mp4,Gesture
244.mp4,Gesture
245.mp4,Gesture
246.mp4,Gesture
247.mp4,Gesture
248.mp4,Gesture
249.mp4,Gesture
250.mp4,Gesture
251.mp4,Gesture
252.mp4,NoGesture
253.mp4,Gesture
254.mp4,Gesture
255.mp4,Gesture
