filename,label
000.mp4,indexing
001.mp4,representing
002.mp4,representing
003.mp4,representing
004.mp4,representing
005.mp4,representing
006.mp4,indexing
007.mp4,representing
008.mp4,indexing
009.mp4,indexing
010.mp4,representing
011.mp4,representing
012.mp4,representing
013.mp4,indexing
014.mp4,indexing
015.mp4,indexing
016.mp4,indexing
017.mp4,indexing
018.mp4,indexing
019.mp4,representing
020.mp4,representing
021.mp4,representing
022.mp4,indexing
023.mp4,indexing
024.mp4,representing
025.mp4,representing
026.mp4,indexing
027.mp4,indexing
028.mp4,indexing
029.mp4,indexing
030.mp4,representing
031.mp4,indexing
032.mp4,indexing
033.mp4,representing
034.mp4,representing
035.mp4,representing
036.mp4,representing
037.mp4,indexing
038.mp4,indexing
039.mp4,indexing
040.mp4,representing
041.mp4,representing
042.mp4,indexing
043.mp4,indexing
044.mp4,representing
045.mp4,representing
046.mp4,representing
047.mp4,representing
048.mp4,indexing
049.mp4,indexing
050.mp4,indexing
051.mp4,indexing
052.mp4,representing
053.mp4,indexing
054.mp4,indexing
055.mp4,indexing
056.mp4,indexing
057.mp4,indexing
058.mp4,indexing
059.mp4,representing
060.mp4,indexing
061.mp4,indexing
062.mp4,indexing
063.mp4,indexing
064.mp4,indexing
065.mp4,indexing
066.mp4,indexing
067.mp4,representing
068.mp4,indexing
069.mp4,representing
070.mp4,representing
071.mp4,indexing
072.mp4,representing
073.mp4,indexing
074.mp4,indexing
075.mp4,representing
076.mp4,indexing
077.mp4,representing
078.mp4,representing
079.mp4,indexing
080.mp4,representing
081.mp4,indexing
082.mp4,representing
083.mp4,representing
084.mp4,representing
085.mp4,indexing
086.mp4,indexing
087.mp4,representing
088.mp4,representing
089.mp4,representing
090.mp4,representing
091.mp4,representing
092.mp4,representing
093.mp4,indexing
094.mp4,representing
095.mp4,indexing
096.mp4,representing
097.mp4,indexing
098.mp4,representing
099.mp4,indexing
100.mp4,indexing
101.mp4,indexing
102.mp4,indexing
103.mp4,indexing
104.mp4,indexing
105.mp4,indexing
106.mp4,indexing
107.mp4,indexing
108.mp4,indexing
109.mp4,indexing
110.mp4,indexing
111.mp4,indexing
112.mp4,indexing
113.mp4,indexing
114.mp4,indexing
115.mp4,indexing
116.mp4,indexing
117.mp4,representing
118.mp4,representing
119.mp4,indexing
120.mp4,indexing
121.mp4,indexing
122.mp4,indexing
123.mp4,indexing
124.mp4,indexing
125.mp4,indexing
126.mp4,indexing
127.mp4,indexing
128.mp4,indexing
129.mp4,indexing
130.mp4,indexing
131.mp4,representing
132.mp4,indexing
133.mp4,representing
134.mp4,representing
135.mp4,representing
136.mp4,indexing
137.mp4,indexing
138.mp4,indexing
139.mp4,indexing
140.mp4,indexing
141.mp4,indexing
142.mp4,representing
143.mp4,representing
144.mp4,indexing
145.mp4,representing
146.mp4,indexing
147.mp4,representing
148.mp4,indexing
149.mp4,representing
