index,filename,label
1,000.mp4,representing
2,001.mp4,representing
3,002.mp4,representing
4,003.mp4,representing
5,004.mp4,representing
6,005.mp4,representing
7,006.mp4,representing
8,007.mp4,representing
9,008.mp4,representing
10,009.mp4,representing
11,010.mp4,representing
12,011.mp4,representing
13,012.mp4,emblematic
14,013.mp4,representing
15,014.mp4,representing
16,015.mp4,representing
17,016.mp4,indexing
18,017.mp4,indexing
19,018.mp4,indexing
20,019.mp4,representing
21,020.mp4,representing
22,021.mp4,representing
23,022.mp4,representing
24,023.mp4,indexing
25,024.mp4,representing
26,025.mp4,representing
27,026.mp4,representing
28,027.mp4,indexing
29,028.mp4,indexing
30,029.mp4,emblematic
31,030.mp4,representing
32,031.mp4,representing
33,032.mp4,indexing
34,033.mp4,representing
35,034.mp4,representing
36,035.mp4,representing
37,036.mp4,representing
38,037.mp4,representing
39,038.mp4,emblematic
40,039.mp4,representing
41,040.mp4,representing
42,041.mp4,representing
43,042.mp4,representing
44,043.mp4,representing
45,044.mp4,representing
46,045.mp4,representing
47,046.mp4,representing
48,047.mp4,representing
49,048.mp4,indexing
50,049.mp4,representing
51,050.mp4,representing
52,051.mp4,representing
53,052.mp4,representing
54,053.mp4,representing
55,054.mp4,representing
56,055.mp4,representing
57,056.mp4,representing
58,057.mp4,indexing
59,058.mp4,indexing
60,059.mp4,representing
61,060.mp4,indexing
62,061.mp4,indexing
63,062.mp4,representing
64,063.mp4,indexing
65,064.mp4,indexing
66,065.mp4,representing
67,066.mp4,representing
68,067.mp4,representing
69,068.mp4,representing
70,069.mp4,representing
71,070.mp4,representing
72,071.mp4,emblematic
73,072.mp4,representing
74,073.mp4,representing
75,074.mp4,indexing
76,075.mp4,representing
77,076.mp4,representing
78,077.mp4,representing
79,078.mp4,representing
80,079.mp4,indexing
81,080.mp4,representing
82,081.mp4,representing
83,082.mp4,representing
84,083.mp4,representing
85,084.mp4,representing
86,085.mp4,representing
87,086.mp4,representing
88,087.mp4,representing
89,088.mp4,representing
90,089.mp4,representing
91,090.mp4,representing
92,091.mp4,representing
93,092.mp4,representing
94,093.mp4,indexing
95,094.mp4,representing
96,095.mp4,representing
97,096.mp4,representing
98,097.mp4,representing
99,098.mp4,representing
100,099.mp4,representing
101,100.mp4,indexing
102,101.mp4,representing
103,102.mp4,indexing
104,103.mp4,indexing
105,104.mp4,indexing
106,105.mp4,indexing
107,106.mp4,indexing
108,107.mp4,representing
109,108.mp4,representing
110,109.mp4,indexing
111,110.mp4,indexing
112,111.mp4,representing
113,112.mp4,representing
114,113.mp4,representing
115,114.mp4,representing
116,115.mp4,indexing
117,116.mp4,indexing
118,117.mp4,representing
119,118.mp4,representing
120,119.mp4,indexing
121,120.mp4,indexing
122,121.mp4,indexing
123,122.mp4,representing
124,123.mp4,indexing
125,124.mp4,indexing
126,125.mp4,indexing
127,126.mp4,representing
128,127.mp4,indexing
129,128.mp4,indexing
130,129.mp4,representing
131,130.mp4,representing
132,131.mp4,representing
133,132.mp4,representing
134,133.mp4,representing
135,134.mp4,representing
136,135.mp4,representing
137,136.mp4,representing
138,137.mp4,indexing
139,138.mp4,representing
140,139.mp4,representing
141,140.mp4,representing
142,141.mp4,representing
143,142.mp4,representing
144,143.mp4,representing
145,144.mp4,indexing
146,145.mp4,representing
147,146.mp4,indexing
148,147.mp4,representing
149,148.mp4,representing
150,149.mp4,representing
151,150.mp4,representing
152,151.mp4,representing
153,152.mp4,indexing
154,153.mp4,indexing
155,154.mp4,representing
156,155.mp4,indexing
157,156.mp4,indexing
158,157.mp4,representing
159,158.mp4,representing
160,159.mp4,representing
161,160.mp4,emblematic
162,161.mp4,emblematic
163,162.mp4,indexing
164,163.mp4,indexing
165,164.mp4,indexing
166,165.mp4,representing
167,166.mp4,emblematic
168,167.mp4,representing
169,168.mp4,representing
170,169.mp4,indexing
171,170.mp4,representing
172,171.mp4,indexing
173,172.mp4,representing
174,173.mp4,representing
175,174.mp4,representing
176,175.mp4,representing
177,176.mp4,indexing
178,177.mp4,representing
179,178.mp4,representing
180,179.mp4,representing
181,180.mp4,indexing
182,181.mp4,representing
183,182.mp4,indexing
184,183.mp4,indexing
185,184.mp4,indexing
186,185.mp4,indexing
187,186.mp4,indexing
188,187.mp4,indexing
189,188.mp4,indexing
190,189.mp4,indexing
191,190.mp4,indexing
192,191.mp4,indexing
193,192.mp4,indexing
194,193.mp4,representing
195,194.mp4,representing
196,195.mp4,representing
197,196.mp4,representing
198,197.mp4,representing
199,198.mp4,indexing
200,199.mp4,representing
201,200.mp4,indexing
202,201.mp4,indexing
203,202.mp4,representing
204,203.mp4,representing
205,204.mp4,representing
206,205.mp4,indexing
207,206.mp4,representing
208,207.mp4,representing
209,208.mp4,representing
210,209.mp4,representing
211,210.mp4,representing
212,211.mp4,indexing
213,212.mp4,representing
214,213.mp4,representing
215,214.mp4,emblematic
216,215.mp4,representing
217,216.mp4,representing
218,217.mp4,representing
219,218.mp4,representing
220,219.mp4,representing
221,220.mp4,representing
222,221.mp4,representing
223,222.mp4,indexing
224,223.mp4,representing
225,224.mp4,representing
226,225.mp4,representing
227,226.mp4,representing
228,227.mp4,representing
229,228.mp4,representing
230,229.mp4,representing
231,230.mp4,representing
232,231.mp4,representing
233,232.mp4,representing
234,233.mp4,representing
235,234.mp4,representing
236,235.mp4,representing
237,236.mp4,representing
238,237.mp4,representing
239,238.mp4,representing
240,239.mp4,representing
241,240.mp4,indexing
242,241.mp4,representing
243,242.mp4,representing
244,243.mp4,representing
245,244.mp4,representing
246,245.mp4,representing
247,246.mp4,representing
248,247.mp4,representing
249,248.mp4,representing
250,249.mp4,representing
251,250.mp4,representing
252,251.mp4,representing
253,252.mp4,representing
254,253.mp4,representing
255,254.mp4,representing
256,255.mp4,representing
